类型,排名,标题,链接,发布时间,热度,日期,事件,关键词,抓取时间
热点资讯,,商务部：将在约50城开展消费新业态、新模式、新场景试点建设,https://news.10jqka.com.cn/20250917/c671203250.shtml,2025-09-17 15:46:10,1002,,,,2025-09-17 17:31:33
热点资讯,,财政部：1—8月证券交易印花税收入1187亿元 同比增长81.7%,https://news.10jqka.com.cn/20250917/c671205094.shtml,2025-09-17 16:18:15,949,,,,2025-09-17 17:31:33
热点资讯,,工信部就智能网联汽车组合驾驶辅助相关标准公开征求意见,https://news.10jqka.com.cn/20250917/c671202772.shtml,2025-09-17 15:09:07,826,,,,2025-09-17 17:31:33
热点资讯,4,商务部：扩大服务消费 坚持惠民生和促消费相结合,https://news.10jqka.com.cn/20250917/c671203047.shtml,2025-09-17 15:15:23,314,,,,2025-09-17 17:31:33
热点资讯,5,美股中概股盘前普涨，百度涨8%,https://news.10jqka.com.cn/20250917/c671205113.shtml,2025-09-17 16:03:47,208,,,,2025-09-17 17:31:33
热点资讯,6,商务部：我国入境消费还有很大增长空间 将扩大入境消费,https://news.10jqka.com.cn/20250917/c671205257.shtml,2025-09-17 16:09:30,87,,,,2025-09-17 17:31:33
热点资讯,7,迈威生物：与Kalexo签署独家许可协议 最高可获10亿美元预付款和里程碑付款,https://news.10jqka.com.cn/20250917/c671205646.shtml,2025-09-17 16:24:36,83,,,,2025-09-17 17:31:33
热点资讯,8,恒瑞医药：用于治疗乳腺癌患者的注射用瑞康曲妥珠单抗新适应症上市申请获受理并纳入优先审评,https://news.10jqka.com.cn/20250917/c671206122.shtml,2025-09-17 17:13:33,72,,,,2025-09-17 17:31:33
热点资讯,9,乘联分会：9月1-14日全国乘用车市场零售73.2万辆 同比去年9月同期下降4%,https://news.10jqka.com.cn/20250917/c671202857.shtml,2025-09-17 15:10:16,45,,,,2025-09-17 17:31:33
热点资讯,10,国家统计局：8月中国铜材产量222.2万吨，同比增9.8%,https://news.10jqka.com.cn/20250917/c671205743.shtml,2025-09-17 16:24:36,43,,,,2025-09-17 17:31:33
热点资讯,11,现货白银日内跌幅达2%，现报41.68美元/盎司,https://news.10jqka.com.cn/20250917/c671205245.shtml,2025-09-17 16:07:18,28,,,,2025-09-17 17:31:33
热点资讯,12,豪恩汽电今日涨14.22%，2家机构专用席位净买入1.11亿元,https://news.10jqka.com.cn/20250917/c671205818.shtml,2025-09-17 16:25:32,22,,,,2025-09-17 17:31:33
热点资讯,13,安培龙：公司用于机器人力传感器产品收入占主营业务收入比例极低,https://news.10jqka.com.cn/20250917/c671207422.shtml,2025-09-17 17:24:49,21,,,,2025-09-17 17:31:33
热点资讯,14,1-8月河北以粗钢产量1.42亿吨位列全国第一,https://news.10jqka.com.cn/20250917/c671205978.shtml,2025-09-17 16:30:38,19,,,,2025-09-17 17:31:33
热点资讯,15,吕梁市场炼焦煤线上竞拍17万吨全部成交，价格最高涨87元/吨,https://news.10jqka.com.cn/20250917/c671206030.shtml,2025-09-17 16:32:53,15,,,,2025-09-17 17:31:33
热点资讯,16,ETF两市成交额4490.22亿元,https://news.10jqka.com.cn/20250917/c671202760.shtml,2025-09-17 15:02:14,7,,,,2025-09-17 17:31:33
热点资讯,17,以军密集攻击加沙城中心,https://news.10jqka.com.cn/20250917/c671203038.shtml,2025-09-17 15:14:42,0,,,,2025-09-17 17:31:33
公社热帖,,三联锻造：Optimus Gen3混合驱动将为仿生连杆带来巨大机遇，10倍成长空间！,https://www.jiuyangongshe.com/a/1hbhh21e8fj,2025-09-17 16:02:13,22,,,,2025-09-17 17:31:34
公社热帖,,还是机器人！今日发酵917,https://www.jiuyangongshe.com/a/4e5cejkqp04,2025-09-17 16:18:55,21,,,,2025-09-17 17:31:34
公社热帖,,韭研公社学习笔记（250917）,https://www.jiuyangongshe.com/a/2g9funm61tg,2025-09-17 16:34:47,16,,,,2025-09-17 17:31:34
公社热帖,4,T链核心标的重申,https://www.jiuyangongshe.com/a/1ztglba15yz,2025-09-17 15:14:41,12,,,,2025-09-17 17:31:34
公社热帖,5,阿里达摩院平头哥+百度昆仑芯+宇树机器人，坐拥三个王炸,https://www.jiuyangongshe.com/a/jdk7hsktz3,2025-09-17 16:20:16,9,,,,2025-09-17 17:31:34
公社热帖,6,消费电子迎多重利好：折叠屏 + 智能穿戴双轮驱动，卓翼 / 欧菲光等标的解析,https://www.jiuyangongshe.com/a/2yrex24tdrb,2025-09-17 15:24:00,8,,,,2025-09-17 17:31:34
公社热帖,7,9.17个股信息差（芯片突破）,https://www.jiuyangongshe.com/a/3xpd95ela8m,2025-09-17 16:16:52,8,,,,2025-09-17 17:31:34
公社热帖,8,央视点名！平头哥 PPU 芯片对标英伟达，国产 AI 算力突围有了新王牌,https://www.jiuyangongshe.com/a/10vjdb99gfk,2025-09-17 16:37:02,7,,,,2025-09-17 17:31:34
公社热帖,9,华钰矿业是否是未来小紫金？,https://www.jiuyangongshe.com/a/3xpd8kbddrs,2025-09-17 15:56:00,7,,,,2025-09-17 17:31:34
公社热帖,10,流动性共振下的大金融机遇：美联储降息与 9.24 预期双轮驱动,https://www.jiuyangongshe.com/a/jdk8rstprd,2025-09-17 16:52:03,6,,,,2025-09-17 17:31:34
公社热帖,11,宝武镁业：人形机器人轻量化迈向“镁”好,https://www.jiuyangongshe.com/a/2g9fvkqw5uv,2025-09-17 16:59:02,6,,,,2025-09-17 17:31:34
公社热帖,12,盈新发展（000620）：补涨龙预期强烈，完美对标首开股份+最低价+房地产,https://www.jiuyangongshe.com/a/3xpd6fezyxp,2025-09-17 15:02:02,5,,,,2025-09-17 17:31:34
公社热帖,13,张家港国资6亿拿壳澳洋健康，4月刚成立“悦升科技”接盘。透露芯片半导体资产急切上市预期。,https://www.jiuyangongshe.com/a/2g9fuhuj9sp,2025-09-17 16:46:23,4,,,,2025-09-17 17:31:34
公社热帖,14,东芯股份：GPU+WiFi双引擎，构建稀缺性生态壁垒，目标十倍股！,https://www.jiuyangongshe.com/a/1ztgm7q7qw1,2025-09-17 15:42:55,3,,,,2025-09-17 17:31:34
公社热帖,15,明日大盘观点，就八个字：高开高走，收大阳线！,https://www.jiuyangongshe.com/a/2yrexfnqn0z,2025-09-17 15:35:00,2,,,,2025-09-17 17:31:34
公社热帖,16,周三舆情热度（附：图解各热点题材概念）,https://www.jiuyangongshe.com/a/3xpd8d5mjx2,2025-09-17 16:08:13,2,,,,2025-09-17 17:31:34
公社热帖,17,2025 年 9 月 17 日连板个股复盘,https://www.jiuyangongshe.com/a/3f7e5fq4ctd,2025-09-17 16:58:36,2,,,,2025-09-17 17:31:34
公社热帖,18,国产光刻机是 AI 国产芯替代的冲锋号,https://www.jiuyangongshe.com/a/2yrf123edz8,2025-09-17 17:10:06,2,,,,2025-09-17 17:31:34
公社热帖,19,智飞生物,https://www.jiuyangongshe.com/a/3xpdaecunzp,2025-09-17 16:44:00,1,,,,2025-09-17 17:31:34
公社热帖,20,9月17日复盘笔记：机器人/汽车零部件/芯片/固态电池/地产/光伏/风电/有色等,https://www.jiuyangongshe.com/a/3xpd75u5nk8,2025-09-17 15:24:16,1,,,,2025-09-17 17:31:34
公社热帖,21,【天风通信】国产AI芯片亮剑，国产算力产业链景气&确定性再提,https://www.jiuyangongshe.com/a/3f7e4ejt0ep,2025-09-17 16:23:34,1,,,,2025-09-17 17:31:34
公社热帖,22,全球 AI 芯片峰会丨行业爆发叠加政策东风，国产 AI 推理,https://www.jiuyangongshe.com/a/3xpda714eqd,2025-09-17 16:38:03,1,,,,2025-09-17 17:31:34
公社热帖,23,国庆双节-旅游最火城市新疆-【路线售罄】,https://www.jiuyangongshe.com/a/2yrexu5y67h,2025-09-17 15:51:58,1,,,,2025-09-17 17:31:34
公社热帖,24,威士顿，20亿流通创业板互联金融+机器人+工业智能体小盘股,https://www.jiuyangongshe.com/a/10vjf3ntmyp,2025-09-17 17:27:49,1,,,,2025-09-17 17:31:34
公社热帖,25,浙版传媒 最新间接持股宇树机器人,https://www.jiuyangongshe.com/a/10vjcl0sgjm,2025-09-17 16:19:22,1,,,,2025-09-17 17:31:34
公社热帖,26,美联储降息序幕开启，全球经济迎来关键转折点,https://www.jiuyangongshe.com/a/2g9fvplu22p,2025-09-17 17:02:42,1,,,,2025-09-17 17:31:34
公社热帖,27,重磅更新！周三舆情热度题材（附股图）,https://www.jiuyangongshe.com/a/jdk8ru7mwl,2025-09-17 17:02:06,1,,,,2025-09-17 17:31:34
公社热帖,28,重磅：重大突破，传中国首台国产光刻机已在测试,https://www.jiuyangongshe.com/a/4e5cgprfte4,2025-09-17 17:17:30,1,,,,2025-09-17 17:31:34
公社热帖,29,T链核心标的重申20250917,https://www.jiuyangongshe.com/a/1ztgpb1l2y6,2025-09-17 16:29:37,0,,,,2025-09-17 17:31:34
公社热帖,30,人形机器人+AI大模型，增长最快的10家公司,https://www.jiuyangongshe.com/a/1hbhl4jxjm2,2025-09-17 17:20:02,0,,,,2025-09-17 17:31:34
公社热帖,31,八方股份  公司深知机器人行业的巨大潜力，也持续关注其发展动态与机遇。,https://www.jiuyangongshe.com/a/1hbhh8gahpp,2025-09-17 16:06:01,0,,,,2025-09-17 17:31:34
公社热帖,32,华为发布的智能世界2035系列报告给出的10个趋势,https://www.jiuyangongshe.com/a/4e5cdwf8kt7,2025-09-17 16:01:02,0,,,,2025-09-17 17:31:34
公社热帖,33,历史性工程，历史性利好,https://www.jiuyangongshe.com/a/1hbhh6agrtw,2025-09-17 16:04:01,0,,,,2025-09-17 17:31:34
公社热帖,34,厦钨新能：固态电池龙头强势爆发，三重利好驱动估值重塑,https://www.jiuyangongshe.com/a/3f7e5811lk6,2025-09-17 16:43:00,0,,,,2025-09-17 17:31:34
公社热帖,35,双环轮动投资关系活动记录表,https://www.jiuyangongshe.com/a/1ztgpc9ahtq,2025-09-17 16:31:06,0,,,,2025-09-17 17:31:34
公社热帖,36,商汤的增长密码：AI时代的破局者与引领者,https://www.jiuyangongshe.com/a/jdk6dl3lzu,2025-09-17 15:51:01,0,,,,2025-09-17 17:31:34
公社热帖,37,国内泛文旅体产业融合发展的标杆企业需要多少股价？,https://www.jiuyangongshe.com/a/3f7e2e0uu7c,2025-09-17 15:49:32,0,,,,2025-09-17 17:31:34
公社热帖,38,威尔高-Rubin机柜功率持续走高，怎么看威尔高电源PCB成长空间？,https://www.jiuyangongshe.com/a/3xpd8b3b2s4,2025-09-17 15:50:00,0,,,,2025-09-17 17:31:34
公社热帖,39,山高控股：被误解的中国电算龙头,https://www.jiuyangongshe.com/a/1hbhl8mjdvq,2025-09-17 17:28:01,0,,,,2025-09-17 17:31:34
公社热帖,40,性价比老高的低价股：神州高铁,https://www.jiuyangongshe.com/a/3xpd82fkufh,2025-09-17 15:43:01,0,,,,2025-09-17 17:31:34
公社热帖,41,昆药集团,https://www.jiuyangongshe.com/a/4e5ceuk9v5c,2025-09-17 16:25:00,0,,,,2025-09-17 17:31:34
公社热帖,42,智能网联汽车,https://www.jiuyangongshe.com/a/2g9fusmtt0l,2025-09-17 16:38:01,0,,,,2025-09-17 17:31:34
公社热帖,43,海马汽车:低价股➕海南封关➕马字辈,https://www.jiuyangongshe.com/a/2g9fvk9ky31,2025-09-17 16:58:00,0,,,,2025-09-17 17:31:34
公社热帖,44,海马汽车:马字辈➕海南封关➕低价股,https://www.jiuyangongshe.com/a/3xpdauh34ct,2025-09-17 16:55:00,0,,,,2025-09-17 17:31:34
公社热帖,45,磷化工,https://www.jiuyangongshe.com/a/1hbhhrmcabp,2025-09-17 16:19:00,0,,,,2025-09-17 17:31:34
公社热帖,46,福光股份：宇量昇（新凯来）光刻机核心配套商,https://www.jiuyangongshe.com/a/2g9fr6m3gxk,2025-09-17 16:32:15,0,,,,2025-09-17 17:31:34
公社热帖,47,药捷安康引爆指数调仓争议，哪些港股ETF更值得信赖？,https://www.jiuyangongshe.com/a/1hbhgw6tnfy,2025-09-17 16:02:04,0,,,,2025-09-17 17:31:34
公社热帖,48,豪恩/均胜同时斩获大单绝非偶然，特斯拉Cybercab或量产，目标200-400万辆,https://www.jiuyangongshe.com/a/1ztgnyeb0r2,2025-09-17 16:20:29,0,,,,2025-09-17 17:31:34
今日热点,,九部门发文扩大服务消费,,,,2025-09-17,,关键词：消费热度值：85.3万,2025-09-17 17:31:34
财经日历,,,,,,2025-09-17,第22届中国一东盟博览会将于9月17-21日在广西南宁举办,,2025-09-17 17:31:34
财经日历,,,,,,2025-09-17,国新办将于9月17日举行“高质量完成‘十四五’规划”系列主题新闻发布会，介绍砥砺奋进“十四五”，中央企业高质量发展情况,,2025-09-17 17:31:34
财经日历,,,,,,2025-09-17,第十二届北京香山论坛将于9月17日至19日举行,,2025-09-17 17:31:34
财经日历,,,,,,2025-09-17,第22届中国-东盟博览会（简称东博会）将于9月17日至21日在广西举办,,2025-09-17 17:31:34
财经日历,,,,,,2025-09-17,2025元脑边缘计算合作伙伴大会将于9月17日在北京举行,,2025-09-17 17:31:34
财经日历,,,,,,2025-09-17,腾讯数字生态大会操作系统专场将于9月17日举办,,2025-09-17 17:31:34
财经日历,,,,,,2025-09-17,国新办将于9月17日就扩大服务消费有关政策措施举行新闻发布会,,2025-09-17 17:31:34
财经日历,,,,,,2025-09-17,第三届商业航天遥感卫星应用大会暨2025年首届空天信息与遥感卫星技术设备展览会将于9月17-19日在南京举行,,2025-09-17 17:31:34
财经日历,,,,,,2025-09-17,Meta Connect 2025将于9月17日至18日举办,,2025-09-17 17:31:34
财经日历,,,,,,2025-09-17,Meta Connect大会将于9月17日举行，Meta首款量产的AR眼镜将发布,,2025-09-17 17:31:34
财经日历,,,,,,2025-09-18,2025第六届广州军民两用技术装备展览会,,2025-09-17 17:31:34
财经日历,,,,,,2025-09-18,第80届联合国大会将于9月18-25日举行,,2025-09-17 17:31:34
财经日历,,,,,,2025-09-18,电影《731》定档9月18日,,2025-09-17 17:31:34
财经日历,,,,,,2025-09-18,《天津市基本医疗保险医用耗材目录（2025年）》将于9月18日正式执行,,2025-09-17 17:31:34
财经日历,,,,,,2025-09-18,光伏储能产业创新成果对接会将于9月18日至19日在安徽举办,,2025-09-17 17:31:34
财经日历,,,,,,2025-09-18,第六届广州军民两用物资装备展览会将于9月18日至20日在广州广交会展馆举办,,2025-09-17 17:31:34
财经日历,,,,,,2025-09-18,第十届国际氢能与燃料电池设备技术展览会将于9月18日至20日在北京举办,,2025-09-17 17:31:34
财经日历,,,,,,2025-09-18,国际数字能源展将于9月18日至21日举办,,2025-09-17 17:31:34
财经日历,,,,,,2025-09-18,第三届新兴量子技术国际会议将于2025年9月18日至22日在合肥举办,,2025-09-17 17:31:34
财经日历,,,,,,2025-09-18,寒武纪：将于9月18日举行2025年半年度业绩说明会,,2025-09-17 17:31:34
财经日历,,,,,,2025-09-18,美联储FOMC公布利率决议和经济预期摘要。,,2025-09-17 17:31:34
财经日历,,,,,,2025-09-18,美联储主席鲍威尔召开货币政策新闻发布会。[同传],,2025-09-17 17:31:34
财经日历,,,,,,2025-09-18,美联储FOMC公布利率决议和经济预期摘要,,2025-09-17 17:31:34
财经日历,,,,,,2025-09-18,美联储主席鲍威尔召开货币政策新闻发布会,,2025-09-17 17:31:34
财经日历,,,,,,2025-09-18,第十届华为全联接大会将于9月18日至20日在上海举办,,2025-09-17 17:31:34
财经日历,,,,,,2025-09-18,2025第十届中国国际氢能车船及加氢站设备展览会将于9月18日举办,,2025-09-17 17:31:34
财经日历,,,,,,2025-09-18,第四届智慧医疗与康复大会暨第七届脑机接口论坛将于9月18日至20日在上海召开,,2025-09-17 17:31:34
财经日历,,,,,,2025-09-19,股指期货的交割日,,2025-09-17 17:31:34
财经日历,,,,,,2025-09-19,2025年国际冶金过程青年学者研讨会暨2025年中日韩钢铁材料青年学术研讨会将于9月19-22日在河北省唐山市召开,,2025-09-17 17:31:34
财经日历,,,,,,2025-09-19,第四届智慧医疗与康复大会暨第七届脑机接口论坛(2025国际脑机接口论坛)将于2025年9月19日至21日在中国上海举行,,2025-09-17 17:31:34
财经日历,,,,,,2025-09-19,日本央行公布利率决议,,2025-09-17 17:31:34
财经日历,,,,,,2025-09-19,富时A50指数季度调整，纳入百济神州-、新易盛、药明康德中际旭创;剔除中国核电、中国联通、国电南瑞、万华化学!9月19日收盘后生效,,2025-09-17 17:31:34
财经日历,,,,,,2025-09-19,富时罗素对富时中国50等指数的季度审核变更，将于9月19日收盘后生效,,2025-09-17 17:31:34
财经日历,,,,,,2025-09-19,2025全国低空经济产教融合发展大会（天津）将于9月19日至21日举办,,2025-09-17 17:31:34
财经日历,,,,,,2025-09-19,2025虚拟电厂创新发展大会将于9月19日举行,,2025-09-17 17:31:34
财经日历,,,,,,2025-09-19,第三届西安国际养老产业博览会将于9月19日至21日举办,,2025-09-17 17:31:34
财经日历,,,,,,2025-09-19,华为将于9月19日在法国巴黎举办主题为“Ride the Wind”创新产品发布会,,2025-09-17 17:31:34
财经日历,,,,,,2025-09-19,第二届上海国际光影节将于9月19日至10月18日举办,,2025-09-17 17:31:34
财经日历,,,,,,2025-09-20,川超计划于9月20日开幕，将一直持续到2026年7月结束,,2025-09-17 17:31:34
财经日历,,,,,,2025-09-20,“川超”拟9月20日开赛,,2025-09-17 17:31:34
财经日历,,,,,,2025-09-20,2025世界制造业大会将于将于9月20日至23日举办,,2025-09-17 17:31:34
财经日历,,,,,,2025-09-20,2025浦江创新论坛（第十八届）年会将于年9月20日至22日在上海举办,,2025-09-17 17:31:34
财经日历,,,,,,2025-09-21,9月21-23日，第27届IEEE多媒体信号处理国际研讨会(IEEEMMSP 2025)将在北京举行,,2025-09-17 17:31:34
财经日历,,,,,,2025-09-22,第五届世界生物圈保护区大会将于今年9月22日-27日在杭州召开,,2025-09-17 17:31:34
财经日历,,,,,,2025-09-22,9月LPR报价上午9:00,,2025-09-17 17:31:34
财经日历,,,,,,2025-09-22,2025年国际半导体高管峰会中国峰会（I.S.E.S. China）将于9月22日至23日在上海举办,,2025-09-17 17:31:34
财经日历,,,,,,2025-09-23,2025中国国际工业博览会将于2025年9月23日-27日在上海国家会展中心举办,,2025-09-17 17:31:34
财经日历,,,,,,2025-09-23,2025亚洲药物设计大会将于9月23-25日在杭州举行,,2025-09-17 17:31:34
财经日历,,,,,,2025-09-23,2025势银固态电池产业大会(SSBIC)将于9月23-24日在合肥举办,,2025-09-17 17:31:34
财经日历,,,,,,2025-09-23,2025欧亚经济论坛在西安举办,,2025-09-17 17:31:34
财经日历,,,,,,2025-09-23,上汽与华为合作打造品牌“尚界”的首款车型尚界H5正式开启预订，将于9月23日正式上市,,2025-09-17 17:31:34
财经日历,,,,,,2025-09-23,全新问界M7将于9月23日在深圳正式发布，将首搭“舱内激光视觉”技术,,2025-09-17 17:31:34
财经日历,,,,,,2025-09-23,2025中国电力企业数智化大会暨数智赋能电力行业高质量发展论坛将于9月23日至25日召开,,2025-09-17 17:31:34
财经日历,,,,,,2025-09-24,阿里云宣布，2025杭州·云栖大会将于9月24日至26日在杭州·云栖小镇国际会展中心举办,,2025-09-17 17:31:34
财经日历,,,,,,2025-09-24,俄罗斯央行公布货币政策会议纪要,,2025-09-17 17:31:34
财经日历,,,,,,2025-09-24,上海国际电力元件、可再生能源管理展览会(PCIM Asia)将于9月24-26日举行,,2025-09-17 17:31:34
财经日历,,,,,,2025-09-24,中国国际信息通信展览会将于9月24-26日在北京举行,,2025-09-17 17:31:34
财经日历,,,,,,2025-09-24,2025 年高通骁龙峰会中国站将于 9月 24-25日在北京举行，将带来「面向未来的全新晓龙平台」，官方合作伙伴称「新成员即将登场」,,2025-09-17 17:31:34
财经日历,,,,,,2025-09-24,2025中国动力电池材斗产业链大会暨第六届中国固态电池技术大会将于9月24-25日举行,,2025-09-17 17:31:34
财经日历,,,,,,2025-09-24,2025云栖大会将于9月24日至26日举办,,2025-09-17 17:31:34
财经日历,,,,,,2025-09-25,2025中国生物制造科技创新论坛将于9月25日至26日举行,,2025-09-17 17:31:34
财经日历,,,,,,2025-09-25,第四届全球数字贸易博览会是以“数字贸易 商通全球”为主题的国家级专业展会，将于9月25-29日在杭州举办,,2025-09-17 17:31:34
财经日历,,,,,,2025-09-25,"小米16系列发布会锁定9月25日，一口气推出五款旗舰新机创下数字系列史上最庞大阵容，全系首发骁龙8 Elite 2芯片,单核跑分破4000、多核飙至11000+",,2025-09-17 17:31:34
财经日历,,,,,,2025-09-26,2025无人机创新应用大会将于9月26日至27日举办,,2025-09-17 17:31:34
财经日历,,,,,,2025-09-26,第十七届中国国际种业博览会暨第二十二届全国种子信息交流与产品交易会定于9月26-28日在青岛市举办，主题为“科技强芯提单产 种业振兴筑粮安”,,2025-09-17 17:31:34
财经日历,,,,,,2025-09-27,2025网易未来大会将于9月27日在杭州举行,,2025-09-17 17:31:34
财经日历,,,,,,2025-09-27,第十七届央国企CIO及数科公司高管峰会将于9月27日在北京召开,,2025-09-17 17:31:34
财经日历,,,,,,2025-09-27,第四届全球数字贸易博览会-空天信息国际产业对接会，将于9月27日至29日在杭州举办,,2025-09-17 17:31:34
财经日历,,,,,,2025-09-29,第二届北京数字人才发展大会将于9月29日至30日举办,,2025-09-17 17:31:34
财经日历,,,,,,2025-09-29,韩国9月29日起对中国团队游客实行临时免签政策,,2025-09-17 17:31:34
财经日历,,,,,,2025-09-29,辽宁省航空产业发展大会将于9月29日至10月1日在沈阳举办,,2025-09-17 17:31:34
财经日历,,,,,,2025-09-29,韩国：将从9月29日起对中国团体游客试行免签,,2025-09-17 17:31:34
财经日历,,,,,,2025-09-29,全球智能汽车产业大会（GIV2024）将于9月29日在合肥召开,,2025-09-17 17:31:34
财经日历,,,,,,2025-09-30,第二届培育钻石研讨会将于9月30日在迪拜举行,,2025-09-17 17:31:34
财经日历,,,,,,2025-10-01,10月1日起铁路客运将全面使用电子发票,,2025-09-17 17:31:34
财经日历,,,,,,2025-10-01,《深圳经济特区促进合成生物产业创新发展若干规定》自10月1日起施行,,2025-09-17 17:31:34
财经日历,,,,,,2025-10-01,《永久基本农田保护红线管理办法》10月1日起施行,,2025-09-17 17:31:34
财经日历,,,,,,2025-10-01,《金融基础设施监督管理办法》自10月1日起施行,,2025-09-17 17:31:34
财经日历,,,,,,2025-10-01,《医疗器械网络销售质量管理规范》将于10月1日起施行,,2025-09-17 17:31:34
财经日历,,,,,,2025-10-01,2025年版《中华人民共和国药典》自10月1日起施行,,2025-09-17 17:31:34
财经日历,,,,,,2025-10-01,《商业银行代理销售业务管理办法》自10月1日起施行,,2025-09-17 17:31:34
财经日历,,,,,,2025-10-01,盘古新能源：10月1日起，32140钠电芯价格每支上调1-3元,,2025-09-17 17:31:34
财经日历,,,,,,2025-10-09,北交所：10月9日起将为存量股票启用新证券代码,,2025-09-17 17:31:34
财经日历,,,,,,2025-10-17,2025年GT世界挑战赛亚洲杯年度收官战将于10月17日至19日在北京开赛,,2025-09-17 17:31:34
