类型,排名,标题,链接,发布时间,热度,抓取时间
热点资讯,,商务部：将在约50城开展消费新业态、新模式、新场景试点建设,https://news.10jqka.com.cn/20250917/c671203250.shtml,2025-09-17 15:46:10,942,2025-09-17 17:15:25
热点资讯,,财政部：1—8月证券交易印花税收入1187亿元 同比增长81.7%,https://news.10jqka.com.cn/20250917/c671205094.shtml,2025-09-17 16:18:15,795,2025-09-17 17:15:25
热点资讯,,工信部就智能网联汽车组合驾驶辅助相关标准公开征求意见,https://news.10jqka.com.cn/20250917/c671202772.shtml,2025-09-17 15:09:07,788,2025-09-17 17:15:25
热点资讯,4,商务部：扩大服务消费 坚持惠民生和促消费相结合,https://news.10jqka.com.cn/20250917/c671203047.shtml,2025-09-17 15:15:23,314,2025-09-17 17:15:25
热点资讯,5,美股中概股盘前普涨，百度涨8%,https://news.10jqka.com.cn/20250917/c671205113.shtml,2025-09-17 16:03:47,206,2025-09-17 17:15:25
热点资讯,6,以军密集攻击加沙城中心,https://news.10jqka.com.cn/20250917/c671203038.shtml,2025-09-17 15:14:42,142,2025-09-17 17:15:25
热点资讯,7,商务部：我国入境消费还有很大增长空间 将扩大入境消费,https://news.10jqka.com.cn/20250917/c671205257.shtml,2025-09-17 16:09:30,85,2025-09-17 17:15:25
热点资讯,8,迈威生物：与Kalexo签署独家许可协议 最高可获10亿美元预付款和里程碑付款,https://news.10jqka.com.cn/20250917/c671205646.shtml,2025-09-17 16:24:36,72,2025-09-17 17:15:25
热点资讯,9,乘联分会：9月1-14日全国乘用车市场零售73.2万辆 同比去年9月同期下降4%,https://news.10jqka.com.cn/20250917/c671202857.shtml,2025-09-17 15:10:16,44,2025-09-17 17:15:25
热点资讯,10,国家统计局：8月中国铜材产量222.2万吨，同比增9.8%,https://news.10jqka.com.cn/20250917/c671205743.shtml,2025-09-17 16:24:36,42,2025-09-17 17:15:25
热点资讯,11,现货白银日内跌幅达2%，现报41.68美元/盎司,https://news.10jqka.com.cn/20250917/c671205245.shtml,2025-09-17 16:07:18,28,2025-09-17 17:15:25
热点资讯,12,豪恩汽电今日涨14.22%，2家机构专用席位净买入1.11亿元,https://news.10jqka.com.cn/20250917/c671205818.shtml,2025-09-17 16:25:32,22,2025-09-17 17:15:25
热点资讯,13,1-8月河北以粗钢产量1.42亿吨位列全国第一,https://news.10jqka.com.cn/20250917/c671205978.shtml,2025-09-17 16:30:38,15,2025-09-17 17:15:25
热点资讯,14,吕梁市场炼焦煤线上竞拍17万吨全部成交，价格最高涨87元/吨,https://news.10jqka.com.cn/20250917/c671206030.shtml,2025-09-17 16:32:53,15,2025-09-17 17:15:25
热点资讯,15,ETF两市成交额4490.22亿元,https://news.10jqka.com.cn/20250917/c671202760.shtml,2025-09-17 15:02:14,7,2025-09-17 17:15:25
公社热帖,,三联锻造：Optimus Gen3混合驱动将为仿生连杆带来巨大机遇，10倍成长空间！,https://www.jiuyangongshe.com/a/1hbhh21e8fj,2025-09-17 16:02:13,19,2025-09-17 17:15:28
公社热帖,,还是机器人！今日发酵917,https://www.jiuyangongshe.com/a/4e5cejkqp04,2025-09-17 16:18:55,16,2025-09-17 17:15:28
公社热帖,,韭研公社学习笔记（250917）,https://www.jiuyangongshe.com/a/2g9funm61tg,2025-09-17 16:34:47,10,2025-09-17 17:15:28
公社热帖,4,T链核心标的重申,https://www.jiuyangongshe.com/a/1ztglba15yz,2025-09-17 15:14:41,9,2025-09-17 17:15:28
公社热帖,5,消费电子迎多重利好：折叠屏 + 智能穿戴双轮驱动，卓翼 / 欧菲光等标的解析,https://www.jiuyangongshe.com/a/2yrex24tdrb,2025-09-17 15:24:00,8,2025-09-17 17:15:28
公社热帖,6,华钰矿业是否是未来小紫金？,https://www.jiuyangongshe.com/a/3xpd8kbddrs,2025-09-17 15:56:00,6,2025-09-17 17:15:28
公社热帖,7,央视点名！平头哥 PPU 芯片对标英伟达，国产 AI 算力突围有了新王牌,https://www.jiuyangongshe.com/a/10vjdb99gfk,2025-09-17 16:37:02,6,2025-09-17 17:15:28
公社热帖,8,流动性共振下的大金融机遇：美联储降息与 9.24 预期双轮驱动,https://www.jiuyangongshe.com/a/jdk8rstprd,2025-09-17 16:52:03,6,2025-09-17 17:15:28
公社热帖,9,9.17个股信息差（芯片突破）,https://www.jiuyangongshe.com/a/3xpd95ela8m,2025-09-17 16:16:52,5,2025-09-17 17:15:28
公社热帖,10,盈新发展（000620）：补涨龙预期强烈，完美对标首开股份+最低价+房地产,https://www.jiuyangongshe.com/a/3xpd6fezyxp,2025-09-17 15:02:02,5,2025-09-17 17:15:28
公社热帖,11,阿里达摩院平头哥+百度昆仑芯+宇树机器人，坐拥三个王炸,https://www.jiuyangongshe.com/a/jdk7hsktz3,2025-09-17 16:20:16,5,2025-09-17 17:15:28
公社热帖,12,张家港国资6亿拿壳澳洋健康，4月刚成立“悦升科技”接盘。透露芯片半导体资产急切上市预期。,https://www.jiuyangongshe.com/a/2g9fuhuj9sp,2025-09-17 16:46:23,3,2025-09-17 17:15:28
公社热帖,13,周三舆情热度（附：图解各热点题材概念）,https://www.jiuyangongshe.com/a/3xpd8d5mjx2,2025-09-17 16:08:13,2,2025-09-17 17:15:28
公社热帖,14,明日大盘观点，就八个字：高开高走，收大阳线！,https://www.jiuyangongshe.com/a/2yrexfnqn0z,2025-09-17 15:35:00,1,2025-09-17 17:15:28
公社热帖,15,智飞生物,https://www.jiuyangongshe.com/a/3xpdaecunzp,2025-09-17 16:44:00,1,2025-09-17 17:15:28
公社热帖,16,【天风通信】国产AI芯片亮剑，国产算力产业链景气&确定性再提,https://www.jiuyangongshe.com/a/3f7e4ejt0ep,2025-09-17 16:23:34,1,2025-09-17 17:15:28
公社热帖,17,东芯股份：GPU+WiFi双引擎，构建稀缺性生态壁垒，目标十倍股！,https://www.jiuyangongshe.com/a/1ztgm7q7qw1,2025-09-17 15:42:55,1,2025-09-17 17:15:28
公社热帖,18,全球 AI 芯片峰会丨行业爆发叠加政策东风，国产 AI 推理,https://www.jiuyangongshe.com/a/3xpda714eqd,2025-09-17 16:38:03,1,2025-09-17 17:15:28
公社热帖,19,国庆双节-旅游最火城市新疆-【路线售罄】,https://www.jiuyangongshe.com/a/2yrexu5y67h,2025-09-17 15:51:58,1,2025-09-17 17:15:28
公社热帖,20,2025 年 9 月 17 日连板个股复盘,https://www.jiuyangongshe.com/a/3f7e5fq4ctd,2025-09-17 16:48:04,0,2025-09-17 17:15:28
公社热帖,21,9月17日复盘笔记：机器人/汽车零部件/芯片/固态电池/地产/光伏/风电/有色等,https://www.jiuyangongshe.com/a/3xpd75u5nk8,2025-09-17 15:24:16,0,2025-09-17 17:15:28
公社热帖,22,T链核心标的重申20250917,https://www.jiuyangongshe.com/a/1ztgpb1l2y6,2025-09-17 16:29:37,0,2025-09-17 17:15:28
公社热帖,23,八方股份  公司深知机器人行业的巨大潜力，也持续关注其发展动态与机遇。,https://www.jiuyangongshe.com/a/1hbhh8gahpp,2025-09-17 16:06:01,0,2025-09-17 17:15:28
公社热帖,24,华为发布的智能世界2035系列报告给出的10个趋势,https://www.jiuyangongshe.com/a/4e5cdwf8kt7,2025-09-17 16:01:02,0,2025-09-17 17:15:28
公社热帖,25,历史性工程，历史性利好,https://www.jiuyangongshe.com/a/1hbhh6agrtw,2025-09-17 16:04:01,0,2025-09-17 17:15:28
公社热帖,26,厦钨新能：固态电池龙头强势爆发，三重利好驱动估值重塑,https://www.jiuyangongshe.com/a/3f7e5811lk6,2025-09-17 16:43:00,0,2025-09-17 17:15:28
公社热帖,27,双环轮动投资关系活动记录表,https://www.jiuyangongshe.com/a/1ztgpc9ahtq,2025-09-17 16:31:06,0,2025-09-17 17:15:28
公社热帖,28,商汤的增长密码：AI时代的破局者与引领者,https://www.jiuyangongshe.com/a/jdk6dl3lzu,2025-09-17 15:51:01,0,2025-09-17 17:15:28
公社热帖,29,国内泛文旅体产业融合发展的标杆企业需要多少股价？,https://www.jiuyangongshe.com/a/3f7e2e0uu7c,2025-09-17 15:49:32,0,2025-09-17 17:15:28
公社热帖,30,威尔高-Rubin机柜功率持续走高，怎么看威尔高电源PCB成长空间？,https://www.jiuyangongshe.com/a/3xpd8b3b2s4,2025-09-17 15:50:00,0,2025-09-17 17:15:28
公社热帖,31,宝武镁业：人形机器人轻量化迈向“镁”好,https://www.jiuyangongshe.com/a/2g9fvkqw5uv,2025-09-17 16:59:02,0,2025-09-17 17:15:28
公社热帖,32,性价比老高的低价股：神州高铁,https://www.jiuyangongshe.com/a/3xpd82fkufh,2025-09-17 15:43:01,0,2025-09-17 17:15:28
公社热帖,33,昆药集团,https://www.jiuyangongshe.com/a/4e5ceuk9v5c,2025-09-17 16:25:00,0,2025-09-17 17:15:28
公社热帖,34,智能网联汽车,https://www.jiuyangongshe.com/a/2g9fusmtt0l,2025-09-17 16:38:01,0,2025-09-17 17:15:28
公社热帖,35,浙版传媒 最新间接持股宇树机器人,https://www.jiuyangongshe.com/a/10vjcl0sgjm,2025-09-17 16:19:22,0,2025-09-17 17:15:28
公社热帖,36,海马汽车:低价股➕海南封关➕马字辈,https://www.jiuyangongshe.com/a/2g9fvk9ky31,2025-09-17 16:58:00,0,2025-09-17 17:15:28
公社热帖,37,海马汽车:马字辈➕海南封关➕低价股,https://www.jiuyangongshe.com/a/3xpdauh34ct,2025-09-17 16:55:00,0,2025-09-17 17:15:28
公社热帖,38,磷化工,https://www.jiuyangongshe.com/a/1hbhhrmcabp,2025-09-17 16:19:00,0,2025-09-17 17:15:28
公社热帖,39,福光股份：宇量昇（新凯来）光刻机核心配套商,https://www.jiuyangongshe.com/a/2g9fr6m3gxk,2025-09-17 16:32:15,0,2025-09-17 17:15:28
公社热帖,40,药捷安康引爆指数调仓争议，哪些港股ETF更值得信赖？,https://www.jiuyangongshe.com/a/1hbhgw6tnfy,2025-09-17 16:02:04,0,2025-09-17 17:15:28
公社热帖,41,豪恩/均胜同时斩获大单绝非偶然，特斯拉Cybercab或量产，目标200-400万辆,https://www.jiuyangongshe.com/a/1ztgnyeb0r2,2025-09-17 16:20:29,0,2025-09-17 17:15:28
